"Hugo_Symbol","Protein_Change","Mutation_Type","freq","var.aanum"
"PTEN","K6T","missense_variant",1,6
"PTEN","G36R","missense_variant",1,36
"PTEN","D77G","missense_variant",1,77
"PTEN","A79T","missense_variant",1,79
"PTEN","V133I","missense_variant",1,133
"PTEN","Y188H","missense_variant",1,188
"PTEN","T202I","missense_variant",1,202
"PTEN","F206L","missense_variant",1,206
"PTEN","Q214X","stop_gained",1,214
"PTEN","C218G","missense_variant",1,218
"PTEN","P246L","missense_variant",1,246
"PTEN","K263N","missense_variant",1,263
"PTEN","S294R","missense_variant",1,294
"PTEN","C296R","missense_variant",1,296
"PTEN","D312G","missense_variant",1,312
"PTEN","Y336X","stop_gained",1,336
"PTEN","S360G","missense_variant",1,360
"PTEN","N372D","missense_variant",1,372
"PTEN","P391S","missense_variant",1,391
